page,clicks,impressions,ctr,position
https://www.avenixstudios.com/,69,603,0.1144,6.4362
https://www.avenixstudios.com/about,1,216,0.0046,6.1898
https://www.avenixstudios.com/work/gym-website,1,19,0.0526,8.4737
https://www.avenixstudios.com/blog,0,3,0,1.6667
https://www.avenixstudios.com/contact,0,1,0,2
https://www.avenixstudios.com/services,0,157,0,7.4968
https://www.avenixstudios.com/work,0,3,0,1.6667
https://www.avenixstudios.com/work/builtu-gym,0,38,0,7.6842
https://www.avenixstudios.com/work/electronics-store,0,10,0,6.5
https://www.avenixstudios.com/work/forward-solution,0,9,0,7
https://www.avenixstudios.com/work/voila-luxury-skincare,0,2,0,7
https://www.avenixstudios.com/work/xtreme-fitness,0,6,0,6.3333
