query,clicks,impressions,ctr,position,branded_vs_nonbranded
avenix studio,32,212,0.1509,5.0142,nonbranded
177,0,2,0,3,nonbranded
avenix,0,27,0,13.2222,nonbranded
avenix infotech,0,1,0,62,nonbranded
avenix meaning,0,30,0,12.7,nonbranded
avenix.icu,0,1,0,15,nonbranded
aventix studio,0,1,0,66,nonbranded
avix studio,0,1,0,66,nonbranded
builtu,0,18,0,6.4444,nonbranded
software company,0,1,0,10,nonbranded
software company near me,0,5,0,8,nonbranded
studio anviksha,0,1,0,50,nonbranded
tunix gym,0,1,0,38,nonbranded
visuel logo,0,1,0,1,nonbranded
